signal_date,symbol,regime,probability,status,days_held,prev_close,prev_high,prev_low,prev_open,t1_open,t1_orh_15min,t1_orl_15min,prev_high_20d,prev_high_252d,prev_avg_dvol20,prev_atr14,prev_range_pct,gap_pct,orb_break_15m_intraday_ts,orb_break_15m_held_eod,dist20h_break_intraday_ts,dist20h_break_held_eod,dist52wh_break_intraday_ts,dist52wh_break_held_eod,range_expand_15m,dvol_surge_30m,t1_first_30m_dvol,confluence_count_intraday,confluence_count_held_eod,ret_from_prev_close_pct,ret_from_t1_open_pct,mae_so_far_pct,mfe_so_far_pct,current_close,current_close_date
2026-05-27 00:00:00+05:30,LIQUIDCASE,bull_trend,0.7969811943443619,FRESH,0,114.26,114.27,114.25,114.27,,,,114.23999786376953,114.23999786376953,2094950188.8,0.031032257,0.017503938,,,,,,,,False,False,,0.0,0.0,,,,,,
2026-05-27 00:00:00+05:30,GROWWLIQID,bull_trend,0.7759844068011561,FRESH,0,109.23,109.24,109.23,109.23,,,,109.20999908447266,110.9000015258789,70153249.15,0.083829135,0.009154994,,,,,,,,False,False,,0.0,0.0,,,,,,
2026-05-27 00:00:00+05:30,LIQUIDADD,bull_trend,0.7495946441101384,FRESH,0,1128.41,1128.42,1128.4,1128.42,,,,1128.1300048828125,1151.219970703125,443426835.2,0.34784782,0.0017724055,,,,,,,,False,False,,0.0,0.0,,,,,,
2026-05-27 00:00:00+05:30,GESHIP,bull_trend,0.7324562729412879,FRESH,0,1511.3,1650.0,1502.0,1650.0,,,,1798.0,1798.0,4199501404.8,82.54213,9.792893,,,,,,,,False,False,,0.0,0.0,,,,,,
2026-05-27 00:00:00+05:30,CASHIETF,bull_trend,0.7274944454113501,FRESH,0,1063.9,1063.91,1063.89,1063.91,,,,1065.75,1065.75,264004292.0,0.6290795,0.0018798759,,,,,,,,False,False,,0.0,0.0,,,,,,
2026-05-27 00:00:00+05:30,LIQUIDBETF,bull_trend,0.717243821308913,FRESH,0,1083.38,1083.39,1083.37,1083.37,,,,1083.3499755859375,1207.5,305084806.6,0.42389953,0.0018460744,,,,,,,,False,False,,0.0,0.0,,,,,,
2026-05-27 00:00:00+05:30,ABINFRA,bear_trend,0.6987919787414668,FRESH,0,11.88,12.98,11.77,12.7,,,,16.309999465942383,23.559999465942383,12130491.7875,1.0143797,10.185185,,,,,,,,False,False,,0.0,0.0,,,,,,
2026-05-27 00:00:00+05:30,NIITMTS,bear_trend,0.6893026668947553,FRESH,0,214.0,218.7,210.6,217.8,,,,328.3500061035156,443.8999938964844,104459565.7,15.693947,3.7850468,,,,,,,,False,False,,0.0,0.0,,,,,,
2026-05-27 00:00:00+05:30,PTC,bull_trend,0.6792493497846435,FRESH,0,189.69,195.65,188.3,192.35,,,,229.50999450683594,229.50999450683594,487640531.6,8.014314,3.874743,,,,,,,,False,False,,0.0,0.0,,,,,,
2026-05-27 00:00:00+05:30,RATNAVEER,bull_trend,0.6762165829730925,FRESH,0,170.06,178.13,169.05,176.35,,,,193.38999938964844,193.38999938964844,527856284.0,10.158915,5.339292,,,,,,,,False,False,,0.0,0.0,,,,,,
2026-05-27 00:00:00+05:30,GKSL,bull_trend,0.6683951127658082,FRESH,0,135.98,141.9,134.95,140.8,,,,148.33999633789062,,143553225.85,6.281438,5.111046,,,,,,,,False,False,,0.0,0.0,,,,,,
2026-05-27 00:00:00+05:30,LIQUIDPLUS,bull_trend,0.6666060199961691,FRESH,0,1087.23,1087.25,1087.23,1087.23,,,,1086.949951171875,1240.8800048828125,301805557.6,0.6430234,0.0018395372,,,,,,,,False,False,,0.0,0.0,,,,,,
2026-05-27 00:00:00+05:30,RVNL,bear_trend,0.6649851616868164,FRESH,0,252.3,259.75,251.3,259.75,,,,311.45001220703125,442.79998779296875,1864615257.6,9.018597,3.3491874,,,,,,,,False,False,,0.0,0.0,,,,,,
2026-05-27 00:00:00+05:30,LIQUID1,bull_trend,0.6640297604352903,FRESH,0,1106.24,1107.32,1105.93,1105.93,,,,1136.1800537109375,1136.1800537109375,916055944.0,2.6451793,0.12565085,,,,,,,,False,False,,0.0,0.0,,,,,,
2026-05-27 00:00:00+05:30,STLTECH,bull_trend,0.6640297604352903,FRESH,0,510.9,510.9,510.9,510.9,,,,486.6000061035156,486.6000061035156,1381532026.5,21.270346,0.0,,,,,,,,,,,,,,,,,,
2026-05-27 00:00:00+05:30,HEMIPROP,bull_trend,0.6589465780235232,FRESH,0,142.78,145.5,142.34,142.5,,,,163.85000610351562,190.69000244140625,232524581.3,5.8814826,2.213195,,,,,,,,False,False,,0.0,0.0,,,,,,
2026-05-27 00:00:00+05:30,SHADOWFAX,bull_trend,0.6577928217201785,FRESH,0,194.94,203.2,193.11,200.85,,,,211.77000427246094,,804092879.2,10.138999,5.1759515,,,,,,,,False,False,,0.0,0.0,,,,,,
2026-05-27 00:00:00+05:30,VSTIND,bull_trend,0.6567481821127903,FRESH,0,258.15,259.85,257.8,258.0,,,,266.7300109863281,319.1000061035156,70948551.0,5.6818366,0.79411197,,,,,,,,False,False,,0.0,0.0,,,,,,
2026-05-27 00:00:00+05:30,MOM100,bull_trend,0.6555944258094456,FRESH,0,67.34,67.45,66.85,67.29,,,,67.41000366210938,69.19999694824219,33069858.55,1.1971506,0.89100087,,,,,,,,False,False,,0.0,0.0,,,,,,
2026-05-27 00:00:00+05:30,JYOTHYLAB,bear_trend,0.6536976041916847,FRESH,0,208.6,209.65,205.1,206.5,,,,277.79998779296875,364.79998779296875,253084670.0,8.45863,2.1812081,,,,,,,,False,False,,0.0,0.0,,,,,,
2026-05-27 00:00:00+05:30,IDEA,bull_trend,0.6535280210454104,FRESH,0,14.18,14.29,14.07,14.2,,,,14.199999809265137,14.199999809265137,11603117721.6,0.46931946,1.551481,,,,,,,,False,False,,0.0,0.0,,,,,,
2026-05-27 00:00:00+05:30,ONGC,bull_trend,0.6529245112813099,FRESH,0,274.05,284.2,272.45,284.2,,,,307.5,307.5,5453646080.0,7.558115,4.287539,,,,,,,,False,False,,0.0,0.0,,,,,,
2026-05-27 00:00:00+05:30,LTGILTBEES,bull_trend,0.6529226244132335,FRESH,0,29.27,29.3,29.2,29.24,,,,29.479999542236328,30.1299991607666,52718699.9,0.2636956,0.34164673,,,,,,,,False,False,,0.0,0.0,,,,,,
2026-05-27 00:00:00+05:30,SATIN,bull_trend,0.6529226244132335,FRESH,0,221.84,226.74,219.41,222.91,,,,245.5399932861328,245.5399932861328,505246670.6,9.765001,3.3041832,,,,,,,,False,False,,0.0,0.0,,,,,,
2026-05-27 00:00:00+05:30,PHARMABEES,bull_trend,0.6519196720225711,FRESH,0,25.32,25.54,25.21,25.54,,,,25.860000610351562,26.520000457763672,273589766.8,0.655057,1.3033175,,,,,,,,False,False,,0.0,0.0,,,,,,
2026-05-26 00:00:00+05:30,LIQUIDADD,bull_trend,0.7441230957092924,T+1,1,1128.12,1128.13,1128.1,1128.11,1128.4200439453125,,,1127.969970703125,1151.219970703125,443232368.0,0.3515284,0.0026592915,,,,,,,,False,False,,0.0,0.0,0.02570994785620062,-0.0008870602466459765,0.024822651675981966,0.026597244036419276,1128.4100341796875,2026-05-27 00:00:00+05:30
2026-05-26 00:00:00+05:30,LIQUIDCASE,bull_trend,0.7441230957092924,T+1,1,114.24,114.24,114.22,114.24,114.2699966430664,,,114.2300033569336,114.2300033569336,2088284384.0,0.03111166,0.017507004,,,,,,,,False,False,,0.0,0.0,0.01751074302784872,-0.00874639636785357,0.00875537151392436,0.02625943615006676,114.26000213623047,2026-05-27 00:00:00+05:30
2026-05-26 00:00:00+05:30,GROWWLIQID,bull_trend,0.7370672385751861,T+1,1,109.21,109.21,109.2,109.2,109.2300033569336,,,109.19999694824219,110.9000015258789,69127489.85,0.08796984,0.00915667,,,,,,,,False,False,,0.0,0.0,0.01831725357444025,0.0,0.01831725357444025,0.02746889437630351,109.2300033569336,2026-05-27 00:00:00+05:30
2026-05-26 00:00:00+05:30,LIQUIDBETF,bull_trend,0.7133224832612381,T+1,1,1083.07,1083.09,1083.07,1083.07,1083.3699951171875,,,1083.3499755859375,1207.5,306050595.4,0.4318918,0.0018466028,,,,,,,,False,False,,0.0,0.0,0.028627753434795622,0.0009239470974975461,0.0277035503711609,0.029551956498430343,1083.3800048828125,2026-05-27 00:00:00+05:30
2026-05-26 00:00:00+05:30,CASHIETF,bull_trend,0.7100415467606939,T+1,1,1063.62,1063.62,1063.6,1063.62,1063.9100341796875,,,1065.75,1065.75,268178674.0,0.6551626,0.0018803708,,,,,,,,False,False,,0.0,0.0,0.026327945898030336,-0.0009408469986538215,0.025386842339325533,0.027269049456712935,1063.9000244140625,2026-05-27 00:00:00+05:30
2026-05-26 00:00:00+05:30,AGIIL,bull_trend,0.7015014360132523,T+1,1,363.3,388.95,363.0,384.95,366.0,,,434.3999938964844,434.3999938964844,1173242726.4,24.07689,7.142857,,,,,,,,False,False,,0.0,0.0,0.4679362136395193,-0.2732240437158473,-1.1010184790535837,2.0231231352818346,365.0,2026-05-27 00:00:00+05:30
2026-05-26 00:00:00+05:30,ABINFRA,bear_trend,0.6874017525223021,T+1,1,12.6,13.49,11.91,13.34,12.699999809265137,,,16.309999465942383,23.559999465942383,10954095.0875,0.999332,12.539682,,,,,,,,False,False,,0.0,0.0,-5.714287660559769,-6.456690607396687,-6.587300782361083,3.0158662639840017,11.880000114440918,2026-05-27 00:00:00+05:30
2026-05-26 00:00:00+05:30,JYOTHYLAB,bear_trend,0.678753572943954,T+1,1,205.0,209.9,204.0,204.15,206.5,,,277.79998779296875,364.79998779296875,247389004.4,8.751601,2.878049,,,,,,,,False,False,,0.0,0.0,1.7561005383003092,1.0169521082400212,0.04878346512957599,2.2682897056021334,208.60000610351562,2026-05-27 00:00:00+05:30
2026-05-26 00:00:00+05:30,SUNTV,bear_trend,0.6753436218649622,T+1,1,492.75,500.55,487.2,494.0,494.3999938964844,,,614.0,660.7000122070312,333049330.8,21.311546,2.7092845,,,,,,,,False,False,,0.0,0.0,4.089299728881279,3.741915603957624,0.10147133434805777,7.49873408564814,512.9000244140625,2026-05-27 00:00:00+05:30
2026-05-26 00:00:00+05:30,HEMIPROP,bull_trend,0.670971372326687,T+1,1,143.03,146.76,142.26,146.0,142.5,,,163.85000610351562,190.69000244140625,233309123.5,6.0908275,3.146193,,,,,,,,False,False,,0.0,0.0,-0.1747885073996036,0.19649037143640857,-0.4824179873419099,1.726911306567569,142.77999877929688,2026-05-27 00:00:00+05:30
2026-05-26 00:00:00+05:30,RATNAVEER,bull_trend,0.6649851616868164,T+1,1,175.61,186.94,174.82,176.5,176.35000610351562,,,193.38999938964844,193.38999938964844,575091848.8,10.241908,6.901657,,,,,,,,False,False,,0.0,0.0,-3.160414004024925,-3.5667753485813303,-3.735548964064561,1.4350004348854695,170.05999755859375,2026-05-27 00:00:00+05:30
2026-05-26 00:00:00+05:30,STLTECH,bull_trend,0.6649851616868164,T+1,1,486.6,486.6,486.6,486.6,510.8999938964844,,,463.45001220703125,463.45001220703125,1415167890.5,21.037296,0.0,,,,,,,,,,,,,4.993832200610249,0.0,4.993832200610249,4.993832200610249,510.8999938964844,2026-05-27 00:00:00+05:30
2026-05-26 00:00:00+05:30,POCL,bull_trend,0.6640297604352903,T+1,1,1420.0,1535.0,1375.8,1501.5,1390.0,,,1619.0,1619.0,670412860.8,82.16313,11.211267,,,,,,,,False,False,,0.0,0.0,-8.084510480853869,-6.100722937275183,-10.478876678036976,-2.1126760563380254,1305.199951171875,2026-05-27 00:00:00+05:30
2026-05-26 00:00:00+05:30,GODAVARIB,bull_trend,0.662295223072701,T+1,1,283.85,299.0,278.25,296.6,283.8500061035156,,,339.0,353.0,71326036.0,15.31452,7.3101993,,,,,,,,False,False,,0.0,0.0,0.07045329757020546,0.07045329757020546,-1.0392855887258357,1.4796482646265874,284.04998779296875,2026-05-27 00:00:00+05:30
2026-05-26 00:00:00+05:30,LIQUIDPLUS,bull_trend,0.6581466957413218,T+1,1,1086.93,1086.95,1086.93,1086.93,1087.22998046875,,,1086.800048828125,1240.8800048828125,302632712.8,0.6678713,0.0018400449,,,,,,,,False,False,,0.0,0.0,0.027593933647196422,0.0,0.027593933647196422,0.029435775372133044,1087.22998046875,2026-05-27 00:00:00+05:30
2026-05-26 00:00:00+05:30,FUSION,bull_trend,0.6567481821127903,T+1,1,175.02,180.9,174.0,175.1,177.14999389648438,,,224.77000427246094,224.77000427246094,139643341.5,10.751932,3.9424067,,,,,,,,False,False,,0.0,0.0,0.6342135660239112,-0.5757770526754302,0.045710106903062986,2.845386587801979,176.1300048828125,2026-05-27 00:00:00+05:30
2026-05-26 00:00:00+05:30,MOCAPITAL,bull_trend,0.6529226244132335,T+1,1,57.01,57.11,56.61,56.92,56.86000061035156,,,57.02000045776367,57.02000045776367,76005502.0,1.3937627,0.87703913,,,,,,,,False,False,,0.0,0.0,-1.6663690163333467,-1.4069631172583974,-1.8417808594531238,0.2631144190408552,56.060001373291016,2026-05-27 00:00:00+05:30
2026-05-26 00:00:00+05:30,PTC,bull_trend,0.6521495315028586,T+1,1,191.55,194.5,191.0,191.25,192.35000610351562,,,229.50999450683594,229.50999450683594,515060331.6,8.065414,1.8271992,,,,,,,,False,False,,0.0,0.0,-0.9710261449846991,-1.3828976229290357,-1.6966849116268778,2.1404284935556683,189.69000244140625,2026-05-27 00:00:00+05:30
2026-05-25 00:00:00+05:30,LEMERITE,bear_trend,0.6548194460309944,T+1,1,247.15,285.9,247.15,273.0,222.4499969482422,,,483.3999938964844,537.8499755859375,80306465.15,32.705193,15.678738,,,,,,,,False,False,,0.0,0.0,-9.993929823274627,0.0,-9.993929823274627,-9.993929823274627,222.4499969482422,2026-05-26 00:00:00+05:30
2026-05-25 00:00:00+05:30,LIQUIDADD,bull_trend,0.7702115089373701,T+2,2,1127.97,1127.97,1127.94,1127.94,1128.1099853515625,,,1127.81005859375,1151.219970703125,453643238.4,0.36626136,0.0026596452,,,,,,,,False,False,,0.0,0.0,0.039013758166639434,0.026597480034840082,0.011525562398739808,0.039901172360723436,1128.4100341796875,2026-05-27 00:00:00+05:30
2026-05-25 00:00:00+05:30,LIQUIDCASE,bull_trend,0.7579196619290977,T+2,2,114.22,114.23,114.21,114.23,114.23999786376953,,,114.20999908447266,114.20999908447266,2089412243.2,0.031966403,0.017510068,,,,,,,,False,False,,0.0,0.0,0.03502093775156201,0.01751074302784872,0.0,0.043771162518790874,114.26000213623047,2026-05-27 00:00:00+05:30
2026-05-25 00:00:00+05:30,GROWWLIQID,bull_trend,0.7568613024611216,T+2,2,109.2,109.2,109.19,109.19,109.19999694824219,,,109.19000244140625,110.9000015258789,59901082.65,0.09396752,0.00915751,,,,,,,,False,False,,0.0,0.0,0.02747839700547594,0.02747839700547594,0.0,0.03663087604874882,109.2300033569336,2026-05-27 00:00:00+05:30
2026-05-25 00:00:00+05:30,JYOTHYLAB,bear_trend,0.7079983330482922,T+2,2,204.4,207.95,202.8,205.0,204.14999389648438,,,277.79998779296875,364.79998779296875,237548763.6,8.970955,2.5195694,,,,,,,,False,False,,0.0,0.0,2.054800554034397,2.179775821736074,-0.1956917360217414,2.69080242868569,208.60000610351562,2026-05-27 00:00:00+05:30
2026-05-25 00:00:00+05:30,CASHIETF,bull_trend,0.7022125184823971,T+2,2,1063.47,1065.75,1063.45,1065.75,1063.6199951171875,,,1064.6500244140625,1064.6500244140625,269839254.8,0.6940212,0.21627314,,,,,,,,False,False,,0.0,0.0,0.04043872631900314,0.026327945898030336,0.012224593678600293,0.04137996263979815,1063.9000244140625,2026-05-27 00:00:00+05:30
2026-05-25 00:00:00+05:30,LIQUIDBETF,bull_trend,0.6874813497786029,T+2,2,1082.94,1082.95,1082.93,1082.95,1083.0699462890625,,,1083.3499755859375,1207.5,311596451.4,0.4535758,0.0018468244,,,,,,,,False,False,,0.0,0.0,0.04063600018215929,0.028627753434795622,0.012004810039933922,0.04156031419462192,1083.3800048828125,2026-05-27 00:00:00+05:30
2026-05-25 00:00:00+05:30,PINELABS,bear_trend,0.678753572943954,T+2,2,146.67,147.6,137.51,145.5,151.5,,,207.9499969482422,284.0,1304803430.8,9.891912,6.8793893,,,,,,,,False,False,,0.0,0.0,-0.5727117668079984,-3.742573048808784,-8.140725840640483,4.179453848326564,145.8300018310547,2026-05-27 00:00:00+05:30
2026-05-25 00:00:00+05:30,RATNAVEER,bull_trend,0.670971372326687,T+2,2,176.2,185.25,173.89,184.0,176.5,,,193.38999938964844,193.38999938964844,552526918.0,10.09744,6.447219,,,,,,,,False,False,,0.0,0.0,-3.484676217929805,-3.6487265956975934,-4.057885369081271,6.095349420646623,170.05999755859375,2026-05-27 00:00:00+05:30
2026-05-25 00:00:00+05:30,PTC,bull_trend,0.6649851616868164,T+2,2,192.6,197.95,189.93,195.0,191.25,,,229.50999450683594,229.50999450683594,513693877.2,8.4166,4.1640706,,,,,,,,False,False,,0.0,0.0,-1.510905280317254,-0.8156849979575109,-2.2326079519679354,1.5835865505266389,189.69000244140625,2026-05-27 00:00:00+05:30
2026-05-25 00:00:00+05:30,SCI,bull_trend,0.6649851616868164,T+2,2,302.8,321.55,300.35,318.65,303.95001220703125,,,368.75,368.75,4315062259.2,17.772924,7.001321,,,,,,,,False,False,,0.0,0.0,0.21467121541198786,-0.16450073364676632,-0.7100376430511535,3.3685642728642495,303.45001220703125,2026-05-27 00:00:00+05:30
2026-05-25 00:00:00+05:30,ONELIFECAP,bull_trend,0.6640186266199973,T+2,2,26.56,26.56,26.0,26.0,26.0,,,25.299999237060547,25.299999237060547,4123533.2875,1.1427683,2.1084337,,,,,,,,False,False,,0.0,0.0,9.374999326754763,11.730766296386719,-2.1084317665761465,9.374999326754763,29.049999237060547,2026-05-27 00:00:00+05:30
2026-05-25 00:00:00+05:30,MIDCAP,bull_trend,0.6619025828944619,T+2,2,18.05,18.2,17.92,17.92,18.020000457763672,,,18.450000762939453,18.450000762939453,9043129.2,0.477279,1.5512465,,,,,,,,False,False,,0.0,0.0,0.22161172974020094,0.38845556629305555,-1.939049800082382,1.3296492443834573,18.09000015258789,2026-05-27 00:00:00+05:30
2026-05-25 00:00:00+05:30,STLTECH,bull_trend,0.6619025828944619,T+2,2,463.45,463.45,463.45,463.45,486.6000061035156,,,441.3999938964844,441.3999938964844,1490331854.5,20.87478,0.0,,,,,,,,,,,,,10.238424951913982,4.993832200610249,4.995143658803669,10.238424951913982,510.8999938964844,2026-05-27 00:00:00+05:30
2026-05-25 00:00:00+05:30,LIQUIDIETF,bull_trend,0.661565298267734,T+2,2,1000.0,1000.01,999.99,1000.0,1000.0,,,1000.0499877929688,1029.989990234375,697267896.0,0.14616154,0.002,,,,,,,,False,False,,0.0,0.0,-0.0010009765625040856,-0.0010009765625040856,-0.0010009765625040856,0.0010009765625040856,999.989990234375,2026-05-27 00:00:00+05:30
2026-05-25 00:00:00+05:30,IPCALAB,bull_trend,0.6567481821127903,T+2,2,1565.2,1617.8,1565.2,1609.9,1566.199951171875,,,1678.300048828125,1678.300048828125,504407483.2,50.475037,3.3605928,,,,,,,,False,False,,0.0,0.0,0.4600098049323931,0.39586728613727473,0.02555740011127572,2.2169738260090943,1572.4000244140625,2026-05-27 00:00:00+05:30
2026-05-25 00:00:00+05:30,SUNTV,bear_trend,0.6529245112813099,T+2,2,494.25,507.9,480.9,490.7,494.0,,,625.8499755859375,660.7000122070312,290415837.2,21.923971,5.4628224,,,,,,,,False,False,,0.0,0.0,3.7733989709787474,3.8259158732919962,-1.4264011720725889,7.172486030759995,512.9000244140625,2026-05-27 00:00:00+05:30
2026-05-25 00:00:00+05:30,LTGILTBEES,bull_trend,0.6529226244132335,T+2,2,29.18,29.31,29.12,29.12,29.290000915527344,,,29.479999542236328,30.1299991607666,51875532.4,0.2835168,0.6511309,,,,,,,,False,False,,0.0,0.0,0.30843095149635236,-0.06828425107037184,-0.10281249599639608,0.41123691099989035,29.270000457763672,2026-05-27 00:00:00+05:30
2026-05-22 00:00:00+05:30,LIQUIDCASE,bull_trend,0.826649061383196,T+3,3,114.2,114.21,114.19,114.21,114.2300033569336,,,114.16000366210938,114.16000366210938,2091198112.0,0.032117665,0.017513135,,,,,,,,False,False,,0.0,0.0,0.05254394885445546,0.02626173370856577,0.008758438264244717,0.061295706387753945,114.26000213623047,2026-05-27 00:00:00+05:30
2026-05-22 00:00:00+05:30,GROWWLIQID,bull_trend,0.8057276058276154,T+3,3,109.18,109.19,109.18,109.18,109.19000244140625,,,109.13999938964844,110.9000015258789,59895039.1,0.09965733,0.009159187,,,,,,,,False,False,,0.0,0.0,0.045798728355062046,0.03663422898887436,0.00916114325197892,0.054952883702186206,109.2300033569336,2026-05-27 00:00:00+05:30
2026-05-22 00:00:00+05:30,LIQUIDADD,bull_trend,0.7915311143526308,T+3,3,1127.79,1127.81,1127.78,1127.78,1127.93994140625,,,1127.3499755859375,1151.219970703125,455653012.8,0.38058916,0.0026600696,,,,,,,,False,False,,0.0,0.0,0.054974338814250956,0.041677110294657815,0.013291688927719036,0.05586189458954838,1128.4100341796875,2026-05-27 00:00:00+05:30
2026-05-22 00:00:00+05:30,CASHIETF,bull_trend,0.7353217735829839,T+3,3,1063.32,1063.34,1063.32,1063.32,1065.75,,,1064.6500244140625,1064.6500244140625,273544740.4,0.56048435,0.0018809013,,,,,,,,False,False,,0.0,0.0,0.054553488536024375,-0.17358438526272613,0.012226318453456564,0.22853457413436473,1063.9000244140625,2026-05-27 00:00:00+05:30
2026-05-22 00:00:00+05:30,SUNTV,bear_trend,0.7138689689555899,T+3,3,486.7,524.95,484.3,523.0,490.70001220703125,,,653.5,660.7000122070312,262627482.8,21.533508,8.352168,,,,,,,,False,False,,0.0,0.0,5.3831953050961445,4.524151549779232,-1.1917029309791105,8.835011079002975,512.9000244140625,2026-05-27 00:00:00+05:30
2026-05-22 00:00:00+05:30,JYOTHYLAB,bear_trend,0.6842557263233117,T+3,3,203.75,209.5,202.25,207.45,205.0,,,277.79998779296875,364.79998779296875,240770154.8,9.264874,3.5582821,,,,,,,,False,False,,0.0,0.0,2.38037109375,1.7561005383003092,-0.4662561709164126,3.0184019123849604,208.60000610351562,2026-05-27 00:00:00+05:30
2026-05-22 00:00:00+05:30,FUSION,bull_trend,0.6735083622975485,T+3,3,178.13,183.08,177.1,179.75,180.0,,,224.77000427246094,224.77000427246094,138605197.6,11.344253,3.3570988,,,,,,,,False,False,,0.0,0.0,-1.1227754702615944,-2.1499972873263884,-2.318534087241242,2.397119461418651,176.1300048828125,2026-05-27 00:00:00+05:30
2026-05-22 00:00:00+05:30,PINELABS,bear_trend,0.6704803036579142,T+3,3,142.84,153.95,140.3,153.45,145.5,,,207.9499969482422,284.0,1055067219.6,9.876675,9.556147,,,,,,,,False,False,,0.0,0.0,2.0932550894856794,0.22680538216817148,-5.677681894619491,6.972841619448533,145.8300018310547,2026-05-27 00:00:00+05:30
2026-05-22 00:00:00+05:30,LIQUID1,bull_trend,0.6675614212476952,T+3,3,1105.62,1105.64,1105.15,1105.15,1105.6199951171875,,,1136.1800537109375,1136.1800537109375,988447475.2,2.6456769,0.044319026,,,,,,,,False,False,,0.0,0.0,0.05607669180420771,0.05607669180420771,-0.40972751188304013,0.20169501986200267,1106.239990234375,2026-05-27 00:00:00+05:30
2026-05-22 00:00:00+05:30,LIQUIDBETF,bull_trend,0.667439711514282,T+3,3,1082.81,1082.82,1082.8,1082.81,1082.949951171875,,,1083.3499755859375,1207.5,321468241.0,0.477697,0.0018470461,,,,,,,,False,False,,0.0,0.0,0.052635851000748524,0.039711319112401,0.011081825130387912,0.053560275884456665,1083.3800048828125,2026-05-27 00:00:00+05:30
2026-05-22 00:00:00+05:30,HEMIPROP,bull_trend,0.6649851616868164,T+3,3,143.76,149.36,143.25,149.02,145.25,,,163.85000610351562,190.69000244140625,229343082.9,6.414214,4.250139,,,,,,,,False,False,,0.0,0.0,-0.6816887625106682,-1.70051719153399,-1.043405715996093,2.5041779640193607,142.77999877929688,2026-05-27 00:00:00+05:30
2026-05-22 00:00:00+05:30,PTC,bull_trend,0.6649851616868164,T+3,3,193.77,198.05,193.02,196.1,195.0,,,229.50999450683594,229.50999450683594,520712216.0,8.447108,2.595861,,,,,,,,False,False,,0.0,0.0,-2.105589999016455,-2.723075671073716,-2.822934974502933,2.157192849056111,189.69000244140625,2026-05-27 00:00:00+05:30
2026-05-22 00:00:00+05:30,SCI,bull_trend,0.6644940930180436,T+3,3,316.3,333.4,314.2,327.25,318.6499938964844,,,368.75,368.75,4274884441.6,17.509304,6.0701866,,,,,,,,False,False,,0.0,0.0,-4.062591236756019,-4.770118305538373,-5.0426754046835605,1.6598166938394998,303.45001220703125,2026-05-27 00:00:00+05:30
2026-05-22 00:00:00+05:30,ABINFRA,bear_trend,0.6640297604352903,T+3,3,13.02,13.16,12.8,12.9,13.180000305175781,,,16.309999465942383,23.559999465942383,12459207.4375,0.9334856,2.764977,,,,,,,,False,False,,0.0,0.0,-8.755762697711623,-9.863430657314575,-9.600614101780923,7.526877939946353,11.880000114440918,2026-05-27 00:00:00+05:30
2026-05-22 00:00:00+05:30,CLEANMAX,bull_trend,0.6635386917665176,T+3,3,1120.0,1200.6,1105.6,1200.0,1143.5,,,1398.5999755859375,,326807352.8,66.92422,8.482142,,,,,,,,False,False,,0.0,0.0,-2.0357186453683007,-4.048976723054221,-5.330352783203129,2.249995640345981,1097.199951171875,2026-05-27 00:00:00+05:30
2026-05-22 00:00:00+05:30,GROWWPOWER,bull_trend,0.6619025828944619,T+3,3,12.16,12.35,12.13,12.35,12.369999885559082,,,12.770000457763672,13.199999809265137,82964516.4,0.34174547,1.8092105,,,,,,,,False,False,,0.0,0.0,5.345399509547888,3.5569970746020863,0.24670833345097343,5.756577451060663,12.8100004196167,2026-05-27 00:00:00+05:30
2026-05-22 00:00:00+05:30,OIL,bull_trend,0.6619025828944619,T+3,3,499.75,507.0,498.4,503.0,492.5,,,531.0,531.0,3341077091.2,14.857465,1.7208605,,,,,,,,False,False,,0.0,0.0,-2.3511755877938967,-0.9137055837563413,-3.7518759379689848,-0.6603277224549786,488.0,2026-05-27 00:00:00+05:30
2026-05-22 00:00:00+05:30,NIITMTS,bear_trend,0.6583842909848457,T+3,3,210.6,225.15,207.55,225.0,211.89999389648438,,,328.95001220703125,443.8999938964844,93809805.6,17.159805,8.357075,,,,,,,,False,False,,0.0,0.0,1.6144320028239623,0.9910364152919682,-0.4510979009964,5.674262394070606,214.0,2026-05-27 00:00:00+05:30
2026-05-22 00:00:00+05:30,NV20IETF,bear_trend,0.6580588879770018,T+3,3,13.73,13.92,13.67,13.92,14.140000343322754,,,14.680000305175781,16.0,9060481.925,0.45847344,1.8208303,,,,,,,,False,False,,0.0,0.0,1.0925023831439784,-1.83875687813978,-0.21849769826215448,2.986167623860281,13.880000114440918,2026-05-27 00:00:00+05:30
2026-05-22 00:00:00+05:30,SATIN,bull_trend,0.6577981752312965,T+3,3,210.08,219.03,205.3,218.85,212.0,,,245.5399932861328,245.5399932861328,495615332.2,10.083684,6.5356054,,,,,,,,False,False,,0.0,0.0,5.5978648154683786,4.641507706552184,0.8044566006646159,7.930313936072442,221.83999633789062,2026-05-27 00:00:00+05:30
2026-05-22 00:00:00+05:30,KEC,bear_trend,0.6572305346815012,T+3,3,485.05,490.8,481.6,488.1,491.6000061035156,,,617.0,947.0,844802980.8,21.952032,1.8967117,,,,,,,,False,False,,0.0,0.0,3.5975698682997104,2.217248527492721,1.0205158914763368,5.411813351329098,502.5,2026-05-27 00:00:00+05:30
2026-05-22 00:00:00+05:30,MOM100,bull_trend,0.6554567571272063,T+3,3,66.06,66.36,65.78,66.18,66.69000244140625,,,67.12999725341797,69.19999694824219,33502362.85,1.2773651,0.8779897,,,,,,,,False,False,,0.0,0.0,1.9376306790831244,0.9746496816452455,0.2876210239604049,2.104146898303383,67.33999633789062,2026-05-27 00:00:00+05:30
2026-05-22 00:00:00+05:30,GROWWHOSPI,bull_trend,0.6553283595526224,T+3,3,51.26,52.9,51.01,52.54,51.5099983215332,,,52.79999923706055,,12048371.95,1.4967176,3.6870854,,,,,,,,False,False,,0.0,0.0,-0.33163904508732855,-0.8153721270259373,-1.4826343082690707,1.2290306062116674,51.09000015258789,2026-05-27 00:00:00+05:30
2026-05-22 00:00:00+05:30,DEEPAKNTR,bull_trend,0.6548194460309944,T+3,3,1739.8,1820.0,1733.0,1803.7,1746.5999755859375,,,1897.9000244140625,2174.0,421942235.6,74.55006,5.0005746,,,,,,,,False,False,,0.0,0.0,-1.4369467351630028,-1.8206760106672104,-2.5175334865421672,1.4024544004459072,1714.800048828125,2026-05-27 00:00:00+05:30
2026-05-22 00:00:00+05:30,MOCAPITAL,bull_trend,0.6543030008238617,T+3,3,55.74,56.4,55.56,56.3,56.66999816894531,,,57.02000045776367,57.02000045776367,90459981.5,1.4796301,1.5069968,,,,,,,,False,False,,0.0,0.0,0.574093443107726,-1.0764016505449114,0.39468496480301596,2.547538798323856,56.060001373291016,2026-05-27 00:00:00+05:30
2026-05-22 00:00:00+05:30,ONGC,bull_trend,0.6543030008238617,T+3,3,290.0,296.8,289.4,295.8,289.95001220703125,,,307.5,307.5,5407277804.8,7.2041273,2.5517242,,,,,,,,False,False,,0.0,0.0,-5.500004209321119,-5.483712276138652,-6.051719928609911,-0.017237169989225976,274.04998779296875,2026-05-27 00:00:00+05:30
2026-05-22 00:00:00+05:30,ANDHRSUGAR,bull_trend,0.6536976041916847,T+3,3,88.62,90.39,87.46,89.35,88.87999725341797,,,107.2300033569336,107.2300033569336,62770587.1,4.635667,3.3062515,,,,,,,,False,False,,0.0,0.0,-1.8280328327393458,-2.1152084963027784,-2.696907374831492,1.4895053643801948,87.0,2026-05-27 00:00:00+05:30
2026-05-22 00:00:00+05:30,CESC,bull_trend,0.6536976041916847,T+3,3,177.22,180.0,175.01,179.95,180.0,,,204.5,204.5,911012336.0,5.8787136,2.8157094,,,,,,,,False,False,,0.0,0.0,4.880935468289493,3.2611083984374956,1.5686710078704813,6.477821717900967,185.8699951171875,2026-05-27 00:00:00+05:30
2026-05-22 00:00:00+05:30,EQUITASBNK,bull_trend,0.6535280210454104,T+3,3,66.48,68.62,66.0,68.62,67.61000061035156,,,74.5999984741211,74.5999984741211,381756932.0,2.5345907,3.9410348,,,,,,,,False,False,,0.0,0.0,8.57400219677893,6.759354612584523,0.5715963210437103,9.20576836365219,72.18000030517578,2026-05-27 00:00:00+05:30
2026-05-22 00:00:00+05:30,ARIS,bear_trend,0.6529226244132335,T+3,3,119.29,122.0,118.51,119.0,121.80000305175781,,,159.0,208.5,249559526.0,7.8829765,2.9256434,,,,,,,,False,False,,0.0,0.0,1.4502437037988702,-0.6403993342758318,-0.1592777600369022,6.9159191354538185,121.0199966430664,2026-05-27 00:00:00+05:30
2026-05-22 00:00:00+05:30,SAMBHV,bull_trend,0.6529226244132335,T+3,3,106.51,109.59,106.01,108.95,108.44000244140625,,,141.32000732421875,149.39999389648438,285874869.2,5.887527,3.3611867,,,,,,,,False,False,,0.0,0.0,0.3004409805709374,-1.4846925249946352,-1.323822771410632,3.6334569895488444,106.83000183105469,2026-05-27 00:00:00+05:30
2026-05-21 00:00:00+05:30,ONELIFECAP,bull_trend,0.7969466835171058,T+4,4,23.91,23.91,23.91,23.91,24.5,,,22.780000686645508,22.780000686645508,5307429.73125,1.0440389,0.0,,,,,,,,False,False,,0.0,0.0,21.49727905667371,18.57142545738999,-3.8059383237955213,21.49727905667371,29.049999237060547,2026-05-27 00:00:00+05:30
2026-05-21 00:00:00+05:30,LIQUIDCASE,bull_trend,0.7579196619290977,T+4,4,114.16,114.16,114.14,114.16,114.20999908447266,,,114.1500015258789,114.1500015258789,2093900710.4,0.030742101,0.017519271,,,,,,,,False,False,,0.0,0.0,0.08759501656734336,0.04378167599916605,0.026277836663068932,0.09634984007409475,114.26000213623047,2026-05-27 00:00:00+05:30
2026-05-21 00:00:00+05:30,LIQUIDADD,bull_trend,0.7495946441101384,T+4,4,1127.35,1127.35,1127.33,1127.33,1127.780029296875,,,1127.199951171875,1151.219970703125,464879747.2,0.37448063,0.001774072,,,,,,,,False,False,,0.0,0.0,0.09403101225944344,0.05586239039940821,0.03814731185973752,0.09491891449404655,1128.4100341796875,2026-05-27 00:00:00+05:30
2026-05-21 00:00:00+05:30,GROWWLIQID,bull_trend,0.7378111459918572,T+4,4,109.14,109.14,109.13,109.13,109.18000030517578,,,110.9000015258789,110.9000015258789,59668088.7,0.10347712,0.009162543,,,,,,,,False,False,,0.0,0.0,0.08246652720220737,0.045798728355062046,0.036651013149202605,0.09162403764002569,109.2300033569336,2026-05-27 00:00:00+05:30
2026-05-21 00:00:00+05:30,CASHIETF,bull_trend,0.7363051681658068,T+4,4,1062.87,1062.89,1062.87,1062.87,1063.3199462890625,,,1064.6500244140625,1064.6500244140625,271137136.0,0.56744474,0.0018816977,,,,,,,,False,False,,0.0,0.0,0.09691018672151053,0.054553488536024375,0.042333603727828795,0.27096492478320133,1063.9000244140625,2026-05-27 00:00:00+05:30
2026-05-21 00:00:00+05:30,JYOTHYLAB,bear_trend,0.7363051681658068,T+4,4,207.4,212.4,206.0,210.7,207.4499969482422,,,277.79998779296875,364.79998779296875,248656633.2,9.419865,3.0858245,,,,,,,,False,False,,0.0,0.0,0.5785979953452536,0.5543548672889864,-2.483121527503418,1.2054002283374166,208.60000610351562,2026-05-27 00:00:00+05:30
2026-05-21 00:00:00+05:30,LIQUIDBETF,bull_trend,0.6916241038961243,T+4,4,1082.36,1082.37,1082.35,1082.35,1082.81005859375,,,1083.3499755859375,1207.5,303842956.2,0.47905833,0.0018478141,,,,,,,,False,False,,0.0,0.0,0.0942403216170895,0.052635851000748524,0.04065777398631898,0.09516513090055412,1083.3800048828125,2026-05-27 00:00:00+05:30
2026-05-21 00:00:00+05:30,ABINFRA,bear_trend,0.678753572943954,T+4,4,12.89,13.45,12.73,13.2,12.899999618530273,,,16.309999465942383,23.559999465942383,13031545.5375,0.9775999,5.5857253,,,,,,,,False,False,,0.0,0.0,-7.835532986661509,-7.906973133736928,-8.688905009527492,8.611323716932606,11.880000114440918,2026-05-27 00:00:00+05:30
2026-05-21 00:00:00+05:30,ARIS,bear_trend,0.6735083622975485,T+4,4,119.0,123.89,112.11,123.2,119.0,,,159.0,208.5,237002691.6,8.220898,9.899159,,,,,,,,False,False,,0.0,0.0,1.697476170644041,1.697476170644041,-0.41176291073069526,7.176471357586012,121.0199966430664,2026-05-27 00:00:00+05:30
2026-05-21 00:00:00+05:30,PTC,bull_trend,0.6666060199961691,T+4,4,195.5,202.9,195.2,197.01,196.10000610351562,,,229.50999450683594,229.50999450683594,520397988.8,8.709963,3.938619,,,,,,,,False,False,,0.0,0.0,-2.9718657588714836,-3.2687422042841363,-3.682862889126437,1.3043493870883882,189.69000244140625,2026-05-27 00:00:00+05:30
2026-05-21 00:00:00+05:30,GREENPANEL,bear_trend,0.6649851616868164,T+4,4,181.0,187.89,179.1,185.3,182.75,,,240.39999389648438,335.20001220703125,54761098.85,10.143775,4.8563538,,,,,,,,False,False,,0.0,0.0,10.58010712512949,9.521200490552317,-0.3093909163501385,12.430939226519344,200.14999389648438,2026-05-27 00:00:00+05:30
2026-05-21 00:00:00+05:30,NIITMTS,bear_trend,0.6649851616868164,T+4,4,225.0,234.75,223.15,234.75,225.0,,,345.0,443.8999938964844,89515033.4,17.125944,5.1555557,,,,,,,,False,False,,0.0,0.0,-4.8888888888888875,-4.8888888888888875,-7.75555419921875,0.06666395399306246,214.0,2026-05-27 00:00:00+05:30
2026-05-21 00:00:00+05:30,FUSION,bull_trend,0.6640297604352903,T+4,4,179.5,184.0,178.5,183.7,179.75,,,224.77000427246094,224.77000427246094,142349396.4,11.756887,3.064067,,,,,,,,False,False,,0.0,0.0,-1.8774346056754876,-2.013905489394996,-3.064066852367686,1.9944299894455009,176.1300048828125,2026-05-27 00:00:00+05:30
2026-05-21 00:00:00+05:30,MOCAPITAL,bull_trend,0.6640297604352903,T+4,4,56.05,57.02,55.78,56.24,56.29999923706055,,,56.4900016784668,56.4900016784668,89467852.3,1.5288324,2.2123106,,,,,,,,False,False,,0.0,0.0,0.017845024739715498,-0.4262839556337883,-0.8742156475276874,1.980375781374888,56.060001373291016,2026-05-27 00:00:00+05:30
2026-05-21 00:00:00+05:30,SBILIQETF,bull_trend,0.6640297604352903,T+4,4,1039.65,1039.67,1039.65,1039.67,1040.0799560546875,,,1039.8399658203125,1087.0899658203125,246684412.55,1.212416,0.0019237243,,,,,,,,False,False,,0.0,0.0,0.09811181717855888,0.05673485842985215,0.04135349690077561,0.09811181717855888,1040.6700439453125,2026-05-27 00:00:00+05:30
2026-05-21 00:00:00+05:30,NELCAST,bull_trend,0.6635386917665176,T+4,4,134.99,139.85,133.5,135.0,135.0800018310547,,,173.1999969482422,180.89999389648438,47033491.55,7.6473064,4.704052,,,,,,,,False,False,,0.0,0.0,2.081633783425585,2.013622433989193,0.0,6.370835243178119,137.8000030517578,2026-05-27 00:00:00+05:30
2026-05-21 00:00:00+05:30,FRACTAL,bull_trend,0.661565298267734,T+4,4,913.0,943.0,910.0,938.0,919.4500122070312,,,1118.0,,1054576192.0,49.280247,3.6144578,,,,,,,,False,False,,0.0,0.0,12.119389311507401,11.332863214272137,-0.3285870755750264,13.25301204819278,1023.6500244140625,2026-05-27 00:00:00+05:30
2026-05-21 00:00:00+05:30,JAINREC,bear_trend,0.6597037129491192,T+4,4,383.2,398.65,380.5,397.0,383.95001220703125,,,593.9500122070312,593.9500122070312,2294249630.4,33.759693,4.73643,,,,,,,,False,False,,0.0,0.0,3.379431439698566,3.1774921999155215,-4.371085455746404,7.254693869359596,396.1499938964844,2026-05-27 00:00:00+05:30
2026-05-21 00:00:00+05:30,GOKULAGRO,bull_trend,0.659014289228528,T+4,4,220.5,237.99,220.0,233.29,222.61000061035156,,,249.9199981689453,249.9199981689453,551439692.4,10.982239,8.1587305,,,,,,,,False,False,,0.0,0.0,6.775511311295346,5.763443599064466,-2.0408163265306145,10.748297935710749,235.44000244140625,2026-05-27 00:00:00+05:30
2026-05-21 00:00:00+05:30,PINELABS,bear_trend,0.6564821158559669,T+4,4,147.99,152.91,146.78,150.5,153.4499969482422,,,214.1699981689453,284.0,1175058390.8,9.586419,4.142172,,,,,,,,False,False,,0.0,0.0,-1.4595604986372912,-4.965783818006642,-8.96007113550482,4.027293218360906,145.8300018310547,2026-05-27 00:00:00+05:30
2026-05-21 00:00:00+05:30,EUREKAFORB,bear_trend,0.6557090229455922,T+4,4,468.15,481.0,465.05,478.5,474.79998779296875,,,541.75,668.2999877929688,114877558.3,22.233215,3.4070277,,,,,,,,False,False,,0.0,0.0,-3.919685216865154,-5.265375030064446,-4.731388269842018,1.4204836020898837,449.79998779296875,2026-05-27 00:00:00+05:30
2026-05-21 00:00:00+05:30,KEC,bear_trend,0.6555944258094456,T+4,4,484.6,490.55,474.6,475.0,488.1000061035156,,,617.0,947.0,825151628.8,22.932957,3.2913744,,,,,,,,False,False,,0.0,0.0,3.69376675011035,2.9502138324969396,-0.6190672641797623,5.509694872713178,502.5,2026-05-27 00:00:00+05:30
2026-05-21 00:00:00+05:30,SHK,bear_trend,0.6555944258094456,T+4,4,126.49,128.38,125.5,127.0,126.4800033569336,,,158.8699951171875,275.5,47926623.55,6.5993724,2.2768598,,,,,,,,False,False,,0.0,0.0,6.332518200259041,6.340920643742809,-1.1779570629562919,10.601625629844257,134.5,2026-05-27 00:00:00+05:30
2026-05-21 00:00:00+05:30,CESC,bull_trend,0.6553283595526224,T+4,4,179.45,182.48,179.16,181.2,179.9499969482422,,,204.5,204.5,911536457.6,5.9470763,1.8500975,,,,,,,,False,False,,0.0,0.0,3.5775972572443138,3.289801761234834,-2.4742282066947396,5.154639262918415,185.8699951171875,2026-05-27 00:00:00+05:30
2026-05-21 00:00:00+05:30,GALLANTT,bull_trend,0.6543030008238617,T+4,4,665.0,680.2,660.55,678.0,660.0,,,938.0,948.0,704431364.0,48.182117,2.9548872,,,,,,,,False,False,,0.0,0.0,3.6691766036184292,4.454549153645826,-1.9473702566964235,7.518796992481214,689.4000244140625,2026-05-27 00:00:00+05:30
2026-05-21 00:00:00+05:30,RSL,bull_trend,0.6535280210454104,T+4,4,131.95,133.27,131.2,133.0,137.8800048828125,,,144.89999389648438,,132712075.8,6.520968,1.568776,,,,,,,,False,False,,0.0,0.0,-3.675633638721132,-7.81839717648225,-5.911326716758358,4.4941326803488835,127.0999984741211,2026-05-27 00:00:00+05:30
